Name,Price,Location,Frame Size,Condition
 STELLA VICENZA D53 NEXUS 7 GARANTIE,€669,Amsterdam,M - 54 cm,Used
" XXS ""Snowy Avalanche"" ❄ w/ front basket and FREE DELIVERY! - NEW Cool unisex city bike",€289,Rotterdam,XXS - 45 cm,Brand new
 Ostrichoo Zeno,€1899,Ridderkerk,L - 56 cm,Brand new
 Ostrichoo Zeno,€1899,Ridderkerk,S - 51 cm,Brand new
 Batavus ALLEGRO E-GO,€279,Leiden,M - 54 cm,Used
 Union Antilope,€249,Leiden,M - 53 cm,Used
 Gazelle Impala 4v 28inch 57cm - FREE DELIVERY!,€229,Rotterdam,L - 57 cm,Used
 Popal Grey/metal,€2299,Drunen,XS - 47 cm,Brand new
 Gazelle Stadfiets,€329,Leiden,L - 58 cm,Used
 Merida Freesport,€279,Leiden,XXL - 64 cm,Used
 Popal Black Sway,€1249,Drunen,XXS - 46 cm,Brand new
 Popal Vidar,€2099,Alphen aan den Rijn,S - 51 cm,Brand new
 Gazelle Eclipse 8v 28inch 53cm - FREE DELIVERY!,€279,Rotterdam,M - 53 cm,Used
 Popal Red Daily Dutch,€439,Drunen,L - 57 cm,Brand new
 Gazelle Orange 7v 28inch 57cm - FREE DELIVERY!,€229,Rotterdam,L - 57 cm,Used
 Ostrichoo Lucius,€1629,Ridderkerk,S - 51 cm,Brand new
 Gazelle Medeo 24v 28inch 61cm - FREE DELIVERY!,€299,Rotterdam,XL - 61 cm,Used
 Gazelle - Discover ATV,€99,Helmond,XXS - 43 cm,Used
 Altra - Alpha,€179,Helmond,L - 58 cm,Great shape
 Avancer Intro 28inch 61cm - FREE DELIVERY!,€179,Rotterdam,XL - 61 cm,Used
 Montego Liberty,€349,Leiden,S - 50 cm,Used
 Popal Blue Daily Dutch,€349,Drunen,"Kids - 22"" wheels",Brand new
 Zwarte Avalon Omafiets,€69,Helmond,XXS - 44 cm,Used
 Popal Green Daily Dutch,€349,Drunen,"Kids - 20"" wheels",Brand new
 Sparta damesfiets,€749,Leiden,M - 54 cm,Used
 Batavus Live,€229,Leiden,M - 54 cm,Used
 Popal Blue Daily Dutch,€349,Drunen,"Kids - 20"" wheels",Brand new
 Popal Blue Daily Dutch,€429,Drunen,XS - 49 cm,Brand new
 Gazelle Impala 28inch 61cm - FREE DELIVERY!,€199,Rotterdam,XL - 61 cm,Used
 Gazelle Impala 7v 28inch 61cm - FREE DELIVERY!,€229,Rotterdam,XL - 61 cm,Used
 Herenfiets 28inch 61cm - FREE DELIVERY!,€199,Rotterdam,XL - 61 cm,Used
 Desire Napoli 28inch 53cm - FREE DELIVERY!,€199,Rotterdam,M - 53 cm,Used
 Gazelle Fuente Pure,€399,Leiden,M - 53 cm,Used
 Supersuper Grey/metal Lola,€199,Drunen,"Kids - 18"" wheels",Brand new
 Popal Green Daily Dutch,€439,Drunen,L - 57 cm,Brand new
 Popal Grey/metal,€399,Drunen,S - 50 cm,Brand new
 Altra Stabilo 28inch 57cm - FREE DELIVERY!,€199,Rotterdam,L - 57 cm,Used
 Popal Grey/metal Daily Dutch,€439,Drunen,S - 50 cm,Brand new
 Gazelle Avignon 7v 28inch 57cm - FREE DELIVERY!,€279,Rotterdam,L - 57 cm,Used
 Supersuper Blue Race,€159,Drunen,"Kids - 12"" wheels",Brand new
 Supersuper Pink Cooper,€219,Drunen,"Kids - 18"" wheels",Brand new
 Popal Grey/metal Daily Dutch,€439,Drunen,S - 50 cm,Brand new
 Popal Black Sway,€1249,Drunen,M - 53 cm,Brand new
 Popal Blue Daily Dutch,€349,Drunen,"Kids - 22"" wheels",Brand new
 Popal Black Subway,€399,Drunen,"Kids - 20"" wheels",Brand new
 Supersuper Black Cooper,€199,Drunen,"Kids - 14"" wheels",Brand new
 Pointer Unica 3v 28inch 61cm - FREE DELIVERY!,€229,Rotterdam,XL - 61 cm,Used
 Popal Black Daily Dutch,€429,Drunen,XS - 49 cm,Brand new
 Supersuper Red Cooper,€189,Drunen,"Kids - 16"" wheels",Brand new
 Popal Black,€2299,Drunen,XS - 47 cm,Brand new
 Popal Black Daily Dutch,€469,Drunen,S - 50 cm,Brand new
 Popal Blue Sway,€1249,Drunen,M - 53 cm,Brand new
" ""Snowy Avalanche"" ❄ w/ delivery - NEW Cool unisex city bike",€209,Rotterdam,S - 51 cm,Brand new
 Batavus Fuego 8p,€349,Leiden,XL - 61 cm,Used
 Gazelle Progress,€329,Leiden,XL - 62 cm,Used
 Sparta - Amazone,€199,Helmond,S - 50 cm,Great shape
 Cangoo Black Cangoo,€2099,Drunen,"Kids - 20"" wheels",Brand new
 Popal Blue Daily Dutch,€1399,Drunen,L - 57 cm,Brand new
 Koga-Miyata Tesla,€849,Leiden,L - 57 cm,Used
 Gazelle Medeo 24v 28inch 61cm - FREE DELIVERY!,€229,Rotterdam,XL - 61 cm,Used
 Ranger Cosenza 28inch 61cm - FREE DELIVERY!,€199,Rotterdam,XL - 61 cm,Used
 Goose Island Chicago 28inch 53cm - FREE DELIVERY!,€199,Rotterdam,53 cm,Used
 Pointer - MvB stadsfiets,€279,Helmond,L - 57 cm,Used
 Spirit Transport,€249,Leiden,M - 55 cm,Used
 Aldo Easy,€279,Leiden,M - 53 cm,Used
 Simplex Herenfiets 7v 28inch 61cm - FREE DELIVERY!,€229,Rotterdam,XL - 61 cm,Used
 BSP Metropolis E,€799,Alphen aan den Rijn,XL - 61 cm,Used
 Batavus B1 8v 28inch 48cm - FREE DELIVERY!,€179,Rotterdam,XS - 48 cm,Used
 Nimoto Vouwfiets,€649,Leiden,42 cm,Used
 Sparta ION GL,€599,Leiden,M - 54 cm,Used
 Batavus Stabilo 28inch 61cm - FREE DELIVERY!,€179,Rotterdam,XL - 61 cm,Used
 Popal Black Sway,€1249,Drunen,M - 54 cm,Brand new
 BSP Damesfiets,€299,Leiden,S - 52 cm,Used
 Vogue Basic,€799,Leiden,XS - 49 cm,Used
 Popal Black Daily Dutch,€349,Drunen,"Kids - 22"" wheels",Brand new
 Cortina Contour 28inch 57cm - FREE DELIVERY!,€179,Rotterdam,L - 57 cm,Used
 Supersuper Yellow Cooper,€209,Drunen,"Kids - 16"" wheels",Brand new
 Batavus Old Dutch,€249,Leiden,S - 50 cm,Used
 MGI Avenue 28inch 57cm - FREE DELIVERY!,€179,Rotterdam,L - 57 cm,Used
 Altec Classic,€229,Leiden,M - 53 cm,Used
 Phoenix Mentor 28inch 61cm - FREE DELIVERY!,€179,Rotterdam,XL - 61 cm,Used
 Diva damesfiets,€299,Leiden,L - 56 cm,Used
 Batavus Rantate,€499,Leiden,L - 57 cm,Used
 Gazelle - Primeur,€199,Helmond,XL - 60 cm,Used
 Montego - Elan,€199,Helmond,XS - 47 cm,Great shape
 Popal Maeve FM elektrische moederfiets,€1399,Leiden,M - 53 cm,Used
 Batavus PADOVA EASY,€599,Leiden,XS - 47 cm,Used
 Kyoso K7000 21v 26inch 53cm - FREE DELIVERY!,€179,Rotterdam,M - 53 cm,Used
 MC image E-FIETS 54 cm N 8,€449,Amsterdam,M - 54 cm,Used
 Supersuper Blue Lola,€229,Drunen,"Kids - 20"" wheels",Brand new
 Batavus Old Dutch,€249,Leiden,L - 56 cm,Used
 Popal Blue Daily Dutch,€469,Drunen,S - 50 cm,Brand new
 Gazelle Sky Drive 7v 28inch 57cm - FREE DELIVERY!,€229,Rotterdam,L - 57 cm,Used
 Giant Twist,€699,Leiden,XL - 62 cm,Used
 Stella Avenza elektrische herenfiets 51 cm,€639,Amsterdam,S - 51 cm,Used
 Gazelle - Xanta,€229,Helmond,M - 53 cm,Great shape
 Batavus Retro 3v 28inch 65cm - FREE DELIVERY!,€279,Rotterdam,XXL - 65 cm,Used
 Vogue Transporter,€379,Leiden,L - 57 cm,Used
 Supersuper Yellow Cooper,€249,Drunen,"Kids - 20"" wheels",Brand new
 Popal Red Daily Dutch,€469,Drunen,L - 57 cm,Brand new
 Montego - Moederfiets,€279,Helmond,M - 53 cm,Great shape
 Popal Green Daily Dutch,€429,Drunen,XS - 49 cm,Brand new
 Popal Blue Sway,€1249,Drunen,M - 54 cm,Brand new
 B'Twin elops120,€229,Leiden,S - 51 cm,Used
 Altra Chique 5 Speed in Top shape,€189,Alphen aan den Rijn,XL - 61 cm,Brand new
 Popal Black Daily Dutch,€439,Drunen,S - 50 cm,Brand new
 Popal Black,€1799,Drunen,L - 57 cm,Brand new
 Altec Cargo,€229,Leiden,M - 53 cm,Used
 Gazelle City liteline,€349,Leiden,L - 57 cm,Used
 Cangoo Grey/metal Cangoo,€2499,Drunen,XS - 49 cm,Brand new
 Gazelle Primeur 7v 28inch 53cm - FREE DELIVERY!,€199,Rotterdam,M - 53 cm,Used
 Giant Freerider,€349,Leiden,M - 54 cm,Used
 Popal Black,€1799,Drunen,XS - 47 cm,Brand new
 Stella Nantes,€799,Leiden,XXS - 46 cm,Used
 Popal Green Daily Dutch,€439,Drunen,L - 57 cm,Brand new
 Damesfiets 58 cm with 2 locks and gears - FREE DELIVERY,€129,Leiden,L - 59 cm,Used
 Gazelle Xanta College,€279,Leiden,S - 50 cm,Used
 Popal Transportfiets 3v 28inch 57cm - FREE DELIVERY!,€199,Rotterdam,L - 57 cm,Used
 Supersuper Black Cooper,€189,Drunen,"Kids - 12"" wheels",Brand new
 Azor Jersey 7v 28inch 57cm - FREE DELIVERY!,€229,Rotterdam,L - 57 cm,Used
 Batavus Amigo 3v 28inch 57cm - FREE DELIVERY!,€199,Rotterdam,L - 57 cm,Used
 Sparta Amphion,€279,Leiden,M - 55 cm,Used
 Altra Chique 28inch 57cm - FREE DELIVERY!,€179,Rotterdam,L - 57 cm,Used
 Ostrichoo Julius,€1299,Ridderkerk,XS - 49 cm,Brand new
 Supersuper Blue Lola,€179,Drunen,"Kids - 14"" wheels",Brand new
 Popal Pink Daily Dutch,€379,Drunen,XS - 49 cm,Brand new
 Gazelle Tourmalet 5v 28inch 61cm - FREE DELIVERY!,€179,Rotterdam,XL - 61 cm,Used
 Gazelle Impala,€289,Leiden,XL - 61 cm,Used
 Popal Grey/metal Sway,€1249,Drunen,XS - 47 cm,Brand new
 Giant New Century 28inch 57cm - FREE DELIVERY!,€179,Rotterdam,L - 57 cm,Used
 Cangoo Blue Cangoo,€2099,Drunen,"Kids - 20"" wheels",Brand new
 Onbekend Stadfiets,€249,Leiden,L - 57 cm,Used
 Union Damesfiets,€279,Leiden,L - 57 cm,Used
 Gazelle Grenoble 28inch 61cm - FREE DELIVERY!,€179,Rotterdam,61 cm,Used
 Gazelle Primeur 28inch 61cm - FREE DELIVERY!,€179,Rotterdam,XL - 61 cm,Used
 Cortina oma,€279,Leiden,L - 57 cm,Used
 Supersuper Blue Cooper,€199,Drunen,"Kids - 18"" wheels",Brand new
 Gazelle Primeur 7v 28inch 57cm - FREE DELIVERY!,€229,Rotterdam,L - 57 cm,Used
 Cortina Roots,€379,Leiden,S - 52 cm,Used
 Batavus Crescendo,€299,Leiden,M - 54 cm,Used
 Supersuper Red Cooper,€199,Drunen,"Kids - 18"" wheels",Brand new
 Supersuper Pink Little Miss,€159,Drunen,"Kids - 12"" wheels",Brand new
 On The Road Herenfiets 28inch 61cm - FREE DELIVERY!,€199,Rotterdam,XL - 61 cm,Used
 Spirit Damesfiets,€349,Leiden,L - 56 cm,Used
 Popal Grey/metal Daily Dutch,€1399,Drunen,L - 57 cm,Brand new
 Pointer Horizon 28inch 57cm - FREE DELIVERY!,€199,Rotterdam,L - 57 cm,Used
 Pointer Horizon 3v 28inch 57cm - FREE DELIVERY!,€229,Rotterdam,L - 57 cm,Used
 Simplex Herenfiets 3v 28inch 61cm - FREE DELIVERY!,€249,Rotterdam,XL - 61 cm,Used
 Popal Pink Daily Dutch,€439,Drunen,L - 57 cm,Brand new
 Cumberland City Endurance,€249,Leiden,XL - 60 cm,Used
 Supersuper Grey/metal FunJet,€249,Drunen,"Kids - 20"" wheels",Brand new
 Popal Grey/metal,€2499,Drunen,M - 53 cm,Brand new
 Popal Blue,€2499,Drunen,XS - 47 cm,Brand new
 B’twin Elops520 6v 28inch 53cm - FREE DELIVERY!,€249,Rotterdam,M - 53 cm,Used
 Popal Black Daily Dutch,€379,Drunen,XS - 49 cm,Brand new
 Cortina Common,€849,Leiden,S - 50 cm,Brand new
 Popal Black,€2299,Drunen,M - 53 cm,Brand new
 Popal Blue Daily Dutch,€349,Drunen,"Kids - 20"" wheels",Brand new
 Union Oase 28inch 57cm - FREE DELIVERY!,€179,Rotterdam,L - 57 cm,Used
 Johnny Loco Herenfiets 28inch 53cm - FREE DELIVERY!,€179,Rotterdam,M - 53 cm,Used
 Supersuper Pink Cooper,€189,Drunen,"Kids - 16"" wheels",Brand new
 De Fietsfabriek transporter,€399,Leiden,M - 53 cm,Used
 Popal Pink Daily Dutch,€429,Drunen,"Kids - 24"" wheels",Brand new
 Ostrichoo Julius,€1299,Ridderkerk,S - 51 cm,Brand new
 Supersuper White Little Miss,€159,Drunen,"Kids - 12"" wheels",Brand new
 Sparta COUNTRY TOUR,€299,Leiden,M - 53 cm,Used
 Popal Pink Daily Dutch,€379,Drunen,"Kids - 24"" wheels",Brand new
 Popal Black Daily Dutch,€1399,Drunen,L - 59 cm,Brand new
 Popal Green Daily Dutch,€379,Drunen,"Kids - 24"" wheels",Brand new
 Batavus Old Dutch,€279,Leiden,L - 56 cm,Used
 Supersuper Green Cooper,€199,Drunen,"Kids - 14"" wheels",Brand new
 Cortina U4 Transport,€349,Leiden,L - 57 cm,Used
 Sparta PICK UP,€379,Leiden,L - 58 cm,Used
 Batavus STABILO,€279,Leiden,XL - 62 cm,Used
 Supersuper Pink Little Miss,€189,Drunen,"Kids - 18"" wheels",Brand new
 Popal Grey/metal,€2299,Drunen,M - 53 cm,Brand new
 Batavus Allegro,€299,Leiden,XL - 61 cm,Used
 Popal Blue,€399,Drunen,S - 50 cm,Brand new
 Batavus STABILO,€299,Leiden,XL - 62 cm,Used
 President Juno 28inch 57cm - FREE DELIVERY!,€229,Rotterdam,L - 57 cm,Used
 Popal Black,€1599,Drunen,XS - 47 cm,Brand new
 Gazelle Ambiance,€299,Leiden,XL - 60 cm,Used
 Supersuper Pink Cooper,€199,Drunen,"Kids - 18"" wheels",Brand new
 Pegasus herenfiets n7 ,€199,Alphen aan den Rijn,L - 56 cm,Used
 Popal Red Daily Dutch,€469,Drunen,S - 50 cm,Brand new
 Supersuper Black Cooper,€229,Drunen,"Kids - 20"" wheels",Brand new
 Supersuper White Little Miss,€169,Drunen,"Kids - 14"" wheels",Brand new
 Stadsfiets Cargo,€249,Leiden,L - 57 cm,Used
 Supersuper Red Cooper,€229,Drunen,"Kids - 20"" wheels",Brand new
 Popal Grey/metal Daily Dutch,€469,Drunen,S - 50 cm,Brand new
 Herenfiets 28inch 57cm - FREE DELIVERY!,€199,Rotterdam,L - 57 cm,Used
 Supersuper Grey/metal FunJet,€279,Drunen,XS - 49 cm,Brand new
 Popal Transportfiets 26inch 47cm - FREE DELIVERY!,€199,Rotterdam,XS - 47 cm,Used
 Popal Grey/metal Daily Dutch,€1399,Drunen,S - 50 cm,Brand new
 Sintesi Rockster 24v 26inch 45cm - FREE DELIVERY!,€199,Rotterdam,XXS - 45 cm,Used
 Supersuper Pink Cooper,€179,Drunen,"Kids - 14"" wheels",Brand new
 Burgers Herenfiets 26inch 48cm - FREE DELIVERY!,€229,Rotterdam,XS - 48 cm,Used
 Cumberland XTS 7v 28inch 61cm - FREE DELIVERY!,€249,Rotterdam,XL - 61 cm,Used
 Batavus damesfiets,€279,Leiden,L - 56 cm,Used
 Supersuper White Little Miss,€179,Drunen,"Kids - 16"" wheels",Brand new
 Onbekend Cargo fiets,€229,Leiden,XXL - 63 cm,Used
 Sparta Apollo 3v 28inch 53cm - FREE DELIVERY!,€249,Rotterdam,M - 53 cm,Used
 Montego Status Deluxe N8,€399,Leiden,M - 54 cm,Used
 Sparta E-motion C2,€449,Alphen aan den Rijn,L - 57 cm,Used
 Popal Black Daily Dutch,€1599,Drunen,L - 59 cm,Brand new
 Wellington Herenfiets 28inch 61cm - FREE DELIVERY!,€179,Rotterdam,XL - 61 cm,Used
 Popal Grey/metal,€1999,Drunen,"Kids - 24"" wheels",Brand new
 Sparta - Marathon 8.0,€249,Helmond,M - 54 cm,Great shape
 Supersuper Black Cooper,€169,Drunen,"Kids - 12"" wheels",Brand new
 Sparta Herenfiets 28inch 61cm - FREE DELIVERY!,€179,Rotterdam,XL - 61 cm,Used
 Superstyle Herenfiets 28inch 61cm - FREE DELIVERY!,€159,Rotterdam,XL - 61 cm,Used
 Vision Verona 27v 28inch 50cm - FREE DELIVERY!,€229,Rotterdam,S - 50 cm,Used
 Batavus Junior 26inch 50cm - FREE DELIVERY!,€179,Rotterdam,S - 50 cm,Used
 Popal Green Daily Dutch,€1599,Drunen,XS - 47 cm,Brand new
 Omafiets 56 cm with a ring lock - FREE DELIVERY,€99,Leiden,L - 56 cm,Used
 Rockrider ST100 21v 27inch 37cm - FREE DELIVERY!,€279,Rotterdam,37 cm,Used
 Popal Green Capri,€399,Drunen,L - 57 cm,Brand new
 Damesfiets 54 cm with 2 locks and gears - FREE DELIVERY,€149,Leiden,M - 54 cm,Used
 Popal Blue County,€529,Drunen,L - 57 cm,Brand new
 BSP Selecta 3v 28inch 57cm - FREE DELIVERY!,€229,Rotterdam,L - 57 cm,Used
 Popal Green Daily Dutch,€429,Drunen,"Kids - 24"" wheels",Brand new
 Trek X500,€399,Leiden,L - 59 cm,Used
 Gazelle Orange 7v 28inch 57cm - FREE DELIVERY!,€229,Rotterdam,L - 57 cm,Used
 Sparta HERO,€249,Leiden,XXL - 66 cm,Used
 Supersuper Blue Lola,€179,Drunen,"Kids - 14"" wheels",Brand new
 Batavus damesfiets,€349,Leiden,L - 56 cm,Used
 Sparta PICK UP,€289,Leiden,XL - 61 cm,Used
 Popal Black,€2299,Drunen,L - 59 cm,Brand new
 Supersuper Blue Cooper,€189,Drunen,"Kids - 16"" wheels",Brand new
 Supersuper Grey/metal Lola,€229,Drunen,"Kids - 20"" wheels",Brand new
 Popal Black Sway,€1249,Drunen,XS - 47 cm,Brand new
 Popal Black,€1899,Drunen,M - 53 cm,Brand new
 Raleigh Strike 3v 28inch 57cm - FREE DELIVERY!,€229,Rotterdam,L - 57 cm,Used
 Popal Grey/metal,€2499,Drunen,XS - 47 cm,Brand new
 Supersuper Green Cooper,€189,Drunen,"Kids - 12"" wheels",Brand new
 Koga-Miyata - Roadrunner S,€199,Helmond,M - 54 cm,Great shape
 Popal Pink Daily Dutch,€429,Drunen,"Kids - 24"" wheels",Brand new
 Gazelle Classic,€279,Leiden,L - 57 cm,Used
 Popal Green Daily Dutch,€439,Drunen,S - 50 cm,Brand new
 Union - Flamingo,€229,Helmond,M - 53 cm,Great shape
 Popal Grey/metal Daily Dutch,€379,Drunen,XS - 49 cm,Brand new
 Popal Maeve MM Elektrische moederfiets,€1999,Alphen aan den Rijn,M - 53 cm,Brand new
 Gazelle Grenoble 4v 28inch 61cm - FREE DELIVERY!,€229,Rotterdam,XL - 61 cm,Used
 Popal Black,€2299,Drunen,S - 51 cm,Brand new
 Gazelle ORANGE,€279,Leiden,L - 57 cm,Used
 Gazelle - The original trendy,€219,Helmond,M - 54 cm,Used
 Sparta - Young 24-inch fiets,€129,Helmond,XXS - 43 cm,Great shape
 Supersuper Pink Little Miss,€179,Drunen,"Kids - 16"" wheels",Brand new
 Popal Grey/metal,€399,Drunen,L - 57 cm,Brand new
 Popal Green Daily Dutch,€379,Drunen,XS - 49 cm,Brand new
 Popal Blue Daily Dutch,€349,Drunen,"Kids - 20"" wheels",Brand new
 Damesfiets 56 cm with 2 locks and gears - FREE DELIVERY,€149,Leiden,L - 56 cm,Used
 Batavus GreenParks,€429,Leiden,L - 57 cm,Used
 Supersuper Blue Lola,€229,Drunen,"Kids - 20"" wheels",Brand new
 Gazelle Think blue,€329,Leiden,L - 56 cm,Used
 Batavus Verona 7v 28inch 61cm (kopie) - FREE DELIVERY!,€229,Rotterdam,XL - 61 cm,Used
 Popal Daily Dutch Basic 24 Petrol Blue,€309,Alphen aan den Rijn,"Kids - 20"" wheels",Brand new
 Popal Blue Daily Dutch,€379,Drunen,"Kids - 24"" wheels",Brand new
 Giant Centro,€279,Leiden,L - 56 cm,Great shape
 Popal Green Izifolt,€289,Drunen,"Kids - 20"" wheels",Brand new
 Damesfiets 52 cm with 2 locks and gears - FREE DELIVERY,€149,Leiden,S - 52 cm,Used
 Popal Black,€1799,Drunen,L - 57 cm,Brand new
 Cumberland LS 28inch 57cm - FREE DELIVERY!,€179,Rotterdam,L - 57 cm,Used
 Popal Black,€2499,Drunen,L - 57 cm,Brand new
 Sparta Lola-Go 3,€249,Leiden,S - 50 cm,Used
 Sparta MARATHON 8,€429,Leiden,XL - 62 cm,Used
 Giant damesfiets N3 ,€179,Alphen aan den Rijn,L - 56 cm,Used
 Green Cortina U4 MINI (24 INCH) MATT GREEN,€239,Den Haag,"Kids - 24"" wheels",Great shape
 Omafiets 58 cm with a ring lock - FREE DELIVERY,€99,Leiden,L - 59 cm,Used
 Popal Pink Daily Dutch,€349,Drunen,"Kids - 20"" wheels",Brand new
 Popal Blue Daily Dutch,€429,Drunen,XS - 49 cm,Brand new
 Supersuper Blue Lola,€189,Drunen,"Kids - 16"" wheels",Brand new
 Popal Black Daily Dutch,€469,Drunen,S - 50 cm,Brand new
 Supersuper Green Cooper,€249,Drunen,"Kids - 20"" wheels",Brand new
 Popal Green Daily Dutch,€469,Drunen,L - 57 cm,Brand new
 Giant Twist GO Single,€799,Leiden,XL - 60 cm,Used
 Koga Miyata,€299,Leiden,S - 51 cm,Used
 Popal Daily Dutch Basic 26 Mat Zwart,€309,Alphen aan den Rijn,"Kids - 24"" wheels",Brand new
 Popal Black,€2499,Drunen,M - 53 cm,Brand new
 Supersuper Pink Cooper,€199,Drunen,"Kids - 14"" wheels",Brand new
 Gazelle - Madelief,€99,Helmond,XS - 48 cm,Used
 Batavus Old Dutch,€249,Leiden,S - 51 cm,Used
 Supersuper Black Cooper,€249,Drunen,"Kids - 20"" wheels",Brand new
 Cortina U4 Diamond,€349,Leiden,S - 51 cm,Used
 Rambler Voyager 3v 28inch 57cm - FREE DELIVERY!,€199,Rotterdam,L - 57 cm,Used
 Cortina transport,€349,Leiden,XL - 61 cm,Used
 Supersuper Blue Lola,€199,Drunen,"Kids - 18"" wheels",Brand new
 Batavus Old Dutch,€249,Leiden,L - 56 cm,Used
 Sparta ION DTS,€799,Leiden,L - 57 cm,Great shape
 Altra Navigator 7v 28inch 61cm - FREE DELIVERY!,€229,Rotterdam,XL - 61 cm,Used
 Limit Tour 3v 28inch 61cm - FREE DELIVERY!,€229,Rotterdam,XL - 61 cm,Used
 Union - Ace,€279,Helmond,M - 54 cm,Great shape
 Popal Black Daily Dutch,€429,Drunen,"Kids - 24"" wheels",Brand new
 Altec Roma 28inch 57cm - FREE DELIVERY!,€229,Rotterdam,L - 57 cm,Used
 Gazelle Orange C7+,€479,Alphen aan den Rijn,M - 53 cm,Used
 Batavus Green Parks 7v 28inch 61cm - FREE DELIVERY!,€249,Rotterdam,XL - 61 cm,Used
 Gazelle Primeur 28inch 61cm - FREE DELIVERY!,€179,Rotterdam,XL - 61 cm,Used
 Batavus fugato,€339,Leiden,M - 53 cm,Used
 Union - Patriot,€229,Helmond,L - 57 cm,Great shape
 Supersuper White Little Miss,€189,Drunen,"Kids - 18"" wheels",Brand new
 Popal Black County,€529,Drunen,S - 50 cm,Brand new
 Popal Blue,€1899,Drunen,XS - 47 cm,Brand new
 Popal Daily Dutch Prestige-E N7,€1499,Alphen aan den Rijn,L - 57 cm,Brand new
 Van Raam dames,€399,Leiden,L - 58 cm,Used
 Supersuper Pink Cooper,€229,Drunen,"Kids - 20"" wheels",Brand new
 Pointer Classica 3v 28inch 57cm - FREE DELIVERY!,€229,Rotterdam,L - 57 cm,Used
 Gazelle Classic,€329,Leiden,L - 58 cm,Used
 Gazelle M.P.B.,€329,Leiden,L - 58 cm,Used
 Cangoo Black Cangoo,€1999,Drunen,"Kids - 20"" wheels",Brand new
 Popal Black,€2499,Drunen,L - 57 cm,Brand new
 Popal Black,€2099,Drunen,M - 53 cm,Brand new
 Se Racing palisade,€249,Leiden,XXS - 43 cm,Used
 Supersuper Black Cooper,€199,Drunen,XS - 49 cm,Brand new
 Sparta damesfiets,€849,Leiden,L - 57 cm,Used
 Herenfiets 26inch 57cm - FREE DELIVERY!,€179,Rotterdam,L - 57 cm,Used
 Avancer Madison 3v 28inch 57cm - FREE DELIVERY!,€199,Rotterdam,L - 57 cm,Used
 Batavus Entrada Spirit 7v 28inch 61cm - FREE DELIVERY!,€279,Rotterdam,XL - 61 cm,Used
 Union Classic 28inch 61cm - FREE DELIVERY!,€199,Rotterdam,XL - 61 cm,Used
 Supersuper Blue Cooper,€169,Drunen,"Kids - 12"" wheels",Brand new
 Batavus CRESCENDO,€399,Leiden,XL - 61 cm,Used
 Batavus Stabilo 3v 28inch 61cm - FREE DELIVERY!,€229,Rotterdam,XL - 61 cm,Used
 Supersuper Black Cooper,€189,Drunen,"Kids - 16"" wheels",Brand new
 Pointer - MvB,€279,Helmond,L - 57 cm,Great shape
 Batavus Holiday 28inch 57cm - FREE DELIVERY!,€179,Rotterdam,L - 57 cm,Used
 Supersuper Blue Lola,€189,Drunen,"Kids - 16"" wheels",Brand new
 Sparta SUPPORT,€799,Leiden,L - 58 cm,Used
 Union Novita 3v 28inch 57cm - FREE DELIVERY!,€249,Rotterdam,L - 57 cm,Used
 Batavus Torino 28inch 57cm - FREE DELIVERY!,€179,Rotterdam,L - 57 cm,Used
 Popal Daily Dutch Petrol Blue ,€309,Alphen aan den Rijn,"Kids - 24"" wheels",Brand new
 Ton Van Den IJssel De Laan 28inch 57cm - FREE DELIVERY!,€179,Rotterdam,L - 57 cm,Used
 Avenue Chantilly 7v 28inch 57cm - FREE DELIVERY!,€199,Rotterdam,L - 57 cm,Used
 Batavus Apache,€229,Leiden,M - 53 cm,Used
 Popal Green Daily Dutch,€379,Drunen,"Kids - 24"" wheels",Brand new
 Sparta - N/A,€669,Amsterdam,M - 54 cm,Great shape
 Real Classic 4v 28inch 61cm - FREE DELIVERY!,€199,Rotterdam,XL - 61 cm,Used
 Supersuper Pink Cooper,€169,Drunen,"Kids - 12"" wheels",Brand new
 Gazelle Impala 7v 28inch 65cm - FREE DELIVERY!,€229,Rotterdam,XXL - 65 cm,Used
 Popal Blue,€2499,Drunen,L - 57 cm,Brand new
 Mammie fiets,€179,Helmond,S - 51 cm,Great shape
 Ostrichoo Lucius,€1599,Ridderkerk,S - 51 cm,Brand new
 Pointer Arena 3v 28inch 61cm - FREE DELIVERY!,€229,Rotterdam,XL - 61 cm,Used
 Popal Blue County,€529,Drunen,S - 50 cm,Brand new
 Gant retro Cruiser made in Taiwan,€199,Helmond,S - 52 cm,Great shape
 Qwic Smart-E II,€799,Leiden,39 cm,Used
 Gazelle Herenfiets 28inch 53cm - FREE DELIVERY!,€199,Rotterdam,M - 53 cm,Used
 Montego - Elite,€299,Helmond,S - 52 cm,Great shape
 Popal Black,€1599,Drunen,M - 53 cm,Brand new
 Cumberland GLS 7v 28inch 61cm - FREE DELIVERY!,€299,Rotterdam,XL - 61 cm,Used
 Popal Blue Daily Dutch,€379,Drunen,"Kids - 24"" wheels",Brand new
 Supersuper Grey/metal Lola,€189,Drunen,"Kids - 16"" wheels",Brand new
 Supersuper Blue Little Miss,€189,Drunen,"Kids - 18"" wheels",Brand new
 Altec Classic,€249,Leiden,L - 58 cm,Used
 Gazelle Esprit Urban 28inch 57cm - FREE DELIVERY!,€229,Rotterdam,L - 57 cm,Used
 Batavus Block Buster,€299,Leiden,XL - 62 cm,Used
 Target herenfiets,€279,Leiden,L - 56 cm,Used
 Batavus Old Dutch 3v 28inch 57cm - FREE DELIVERY!,€229,Rotterdam,L - 57 cm,Used
 Sparta LEOPARD,€249,Leiden,M - 53 cm,Used
 Supersuper Pink Cooper,€209,Drunen,"Kids - 16"" wheels",Brand new
 Nishiki .,€299,Leiden,XS - 49 cm,Used
 Popal Green Daily Dutch,€379,Drunen,XS - 49 cm,Brand new
 Popal Black,€2099,Drunen,XS - 47 cm,Brand new
 Sparta Grande Luxe,€599,Leiden,S - 51 cm,Used
 Rambler Model2004 18v 28inch 50cm - FREE DELIVERY!,€179,Rotterdam,S - 50 cm,Used
 Omafiets 54 cm with a ring lock - FREE DELIVERY,€99,Leiden,M - 54 cm,Used
 Ostrichoo Nero,€1199,Ridderkerk,XS - 49 cm,Brand new
 Popal Blue Daily Dutch,€429,Drunen,"Kids - 24"" wheels",Brand new
 Batavus - Barcelona,€199,Helmond,M - 53 cm,Used
 Popal Blue Daily Dutch,€439,Drunen,L - 57 cm,Brand new
 Popal Pink Daily Dutch,€429,Drunen,XS - 49 cm,Brand new
 Popal Blue Daily Dutch,€399,Drunen,"Kids - 22"" wheels",Brand new
 Cube 46,€399,Leiden,XXS - 46 cm,Used
 Ortler Geneve,€749,Leiden,"21"", XL - 53 cm",Used
 Gazelle Damesfiets,€299,Leiden,S - 51 cm,Used
 Batavus Old Dutch,€249,Leiden,L - 57 cm,Used
 Gazelle Orange C8,€629,Leiden,M - 53 cm,Used
 Supersuper Blue Little Miss,€159,Drunen,"Kids - 12"" wheels",Brand new
 Cortina Generation 7v 28inch 57cm - FREE DELIVERY!,€249,Rotterdam,L - 57 cm,Used
 Supersuper Yellow Cooper,€219,Drunen,"Kids - 18"" wheels",Brand new
 Popal Green Daily Dutch,€1399,Drunen,L - 59 cm,Brand new
 Gazelle lady luu,€299,Leiden,S - 52 cm,Used
 Popal Black Daily Dutch,€469,Drunen,L - 57 cm,Brand new
 Popal Green Daily Dutch,€469,Drunen,S - 50 cm,Brand new
 Popal Black Sway,€1249,Drunen,S - 50 cm,Brand new
 Peugeot City 3v 28inch 61cm - FREE DELIVERY!,€229,Rotterdam,XL - 61 cm,Used
 Montego Distinction 7v 28inch 53cm - FREE DELIVERY!,€199,Rotterdam,M - 53 cm,Used
 Popal Black,€1799,Drunen,M - 53 cm,Brand new
 Supersuper Blue Little Miss,€169,Drunen,"Kids - 14"" wheels",Brand new
 Supersuper Blue Cooper,€179,Drunen,"Kids - 14"" wheels",Brand new
 Giant Single4U 3v 28inch 61cm - FREE DELIVERY!,€279,Rotterdam,XL - 61 cm,Used
 Merkloos Omafiets,€299,Leiden,L - 59 cm,Used
 Batavus - Gabana 24-inch,€99,Helmond,"Kids - 24"" wheels",Great shape
 Gazelle Fuento,€399,Leiden,M - 53 cm,Used
 Batavus Genova E-Go® 7,€799,Leiden,M - 53 cm,Used
 Popal Black,€1799,Drunen,XS - 47 cm,Brand new
 Batavus Lento Weekend,€229,Leiden,M - 53 cm,Used
 Batavus Diva,€329,Leiden,XL - 62 cm,Used
 Concorde American Eagle 7v 26inch 43cm - FREE DELIVERY!,€199,Rotterdam,XXS - 43 cm,Used
 Flyer met middenmotor,€899,Leiden,XXS - 46 cm,Used
 Gazelle Free 3v 28inch 57cm - FREE DELIVERY!,€179,Rotterdam,L - 57 cm,Used
 Target Arizona,€329,Leiden,XL - 61 cm,Used
 Popal Blue Daily Dutch,€429,Drunen,"Kids - 24"" wheels",Brand new
 Gazelle SAPHIR,€299,Leiden,L - 58 cm,Great shape
 Popal Black,€1899,Drunen,XS - 47 cm,Brand new
 Popal Pink Daily Dutch,€429,Drunen,XS - 49 cm,Brand new
 Montego Elite 8v 28inch 61cm - FREE DELIVERY!,€279,Rotterdam,XL - 61 cm,Used
 Giant Twist GO Double met dubbele accu,€599,Leiden,L - 56 cm,Great shape
 Popal Black Capri,€399,Drunen,S - 50 cm,Brand new
 Fylla damesfiets,€599,Leiden,M - 54 cm,Used
 Sparta ION,€399,Leiden,XS - 48 cm,Great shape
 Giant Prime ,€1399,Leiden,XL - 61 cm,Used
 Popal Black Daily Dutch,€439,Drunen,L - 57 cm,Brand new
 Popal Pink Daily Dutch,€349,Drunen,"Kids - 22"" wheels",Brand new
 Aldo Omafiets,€279,Leiden,S - 50 cm,Used
 Supersuper Grey/metal FunJet,€259,Drunen,"Kids - 22"" wheels",Brand new
 Supersuper Black Cooper,€179,Drunen,"Kids - 14"" wheels",Brand new
 Popal Blue Sway,€1249,Drunen,XXS - 46 cm,Brand new
 Popal Red Daily Dutch,€439,Drunen,S - 50 cm,Brand new
 Batavus Holiday 28inch 57cm - FREE DELIVERY!,€179,Rotterdam,L - 57 cm,Used
 Gazelle Cargo,€219,Leiden,M - 54 cm,Used
 Supersuper Grey/metal FunJet,€259,Drunen,"Kids - 22"" wheels",Brand new
 Popal Blue Sway,€1249,Drunen,S - 50 cm,Brand new
 Popal Blue,€2099,Drunen,M - 53 cm,Brand new
 Gazelle Basic,€249,Leiden,L - 57 cm,Used
 Popal dutch,€249,Leiden,XXS - 43 cm,Brand new
 Gazelle Trimmer 28inch 61cm - FREE DELIVERY!,€179,Rotterdam,XL - 61 cm,Used
 Koga Miyata Silver Ace 7v 28inch 65cm - FREE DELIVERY!,€279,Rotterdam,XXL - 65 cm,Used
 Herenfiets 28inch 65cm - FREE DELIVERY!,€249,Rotterdam,XXL - 65 cm,Used
 Gazelle ready,€329,Leiden,M - 55 cm,Used
 Burgers Leventa 28inch 57cm - FREE DELIVERY!,€199,Rotterdam,L - 57 cm,Used
 Vogue Legend 3v 28inch 53cm - FREE DELIVERY!,€279,Rotterdam,M - 53 cm,Used
 Cortina Common N3 ,€379,Alphen aan den Rijn,XL - 61 cm,Used
 Batavus Old Dutch,€249,Leiden,L - 56 cm,Used
 Popal Black,€1799,Drunen,M - 53 cm,Brand new
 Sparta - Amazone in groen,€229,Helmond,M - 54 cm,Great shape
 Gazelle Primeur 28inch 53cm - FREE DELIVERY!,€199,Rotterdam,M - 53 cm,Used
 Altra explorer,€249,Leiden,M - 54 cm,Used
 Popal Green Daily Dutch,€1599,Drunen,L - 59 cm,Brand new
 Herenfiets 3v 28inch 57cm - FREE DELIVERY!,€199,Rotterdam,L - 57 cm,Used
 Popal Blue Daily Dutch,€379,Drunen,XS - 49 cm,Brand new
 Supersuper Blue Cooper,€229,Drunen,"Kids - 20"" wheels",Brand new
 Batavus Monaco 7,€299,Leiden,XL - 61 cm,Used
 Batavus Intermezzo,€299,Leiden,L - 57 cm,Used
 Popal Black Daily Dutch,€379,Drunen,"Kids - 24"" wheels",Brand new
 Gazelle Xanta 7v 28inch 61cm - FREE DELIVERY!,€279,Rotterdam,XL - 61 cm,Used
 Popal Black,€2499,Drunen,"Kids - 24"" wheels",Brand new
 Batavus Stabilo 7v 28inch 70cm - FREE DELIVERY!,€349,Rotterdam,3XL - 70 cm,Used
 Gazelle Impulse,€899,Leiden,S - 50 cm,Used
 B’twin Elops120 6v 28inch 50cm - FREE DELIVERY!,€229,Rotterdam,S - 50 cm,Used
 Popal City 6v 28inch 57cm - FREE DELIVERY!,€229,Rotterdam,L - 57 cm,Used
 Supersuper Grey/metal FunJet,€259,Drunen,"Kids - 22"" wheels",Brand new
 Avenue Limited Edition,€299,Leiden,L - 59 cm,Used
 Sparta Country Town,€299,Leiden,L - 57 cm,Used
 Supersuper Black Cooper,€219,Drunen,"Kids - 18"" wheels",Brand new
 Puch City Tradition 3v 28inch 65cm - FREE DELIVERY!,€279,Rotterdam,XXL - 65 cm,Used
 Popal Blue,€2499,Drunen,M - 53 cm,Brand new
 Batavus Torino 28inch 61cm - FREE DELIVERY!,€179,Rotterdam,XL - 61 cm,Used
 Popal Cargo Fiets,€389,Leiden,S - 50 cm,Used
 Batavus damesfiets,€279,Leiden,L - 56 cm,Used
 Mercure Freeride,€199,Helmond,L - 57 cm,Great shape
 Popal Grey/metal Sway,€1249,Drunen,M - 53 cm,Brand new
 Cangoo Black Cangoo,€2099,Drunen,"Kids - 20"" wheels",Brand new
 E-bike Das Original City,€2449,Veldhoven,S - 52 cm,Brand new
 Gazelle Omafiets,€279,Leiden,L - 56 cm,Used
 Supersuper Pink Cooper,€249,Drunen,"Kids - 20"" wheels",Brand new
 Johnny Loco KLM 3v 26inch 53cm - FREE DELIVERY!,€229,Rotterdam,M - 53 cm,Used
 Gazelle Primeur 3v 28inch 61cm - FREE DELIVERY!,€229,Rotterdam,XL - 61 cm,Used
 Montega CITY STYLE,€399,Leiden,M - 53 cm,Used
 Popal Green Daily Dutch,€429,Drunen,XS - 49 cm,Brand new
 Supersuper Black Cooper,€209,Drunen,"Kids - 16"" wheels",Brand new
 Popal Black County,€529,Drunen,L - 57 cm,Brand new
 Union Nebraska 3v 28inch 61cm - FREE DELIVERY!,€229,Rotterdam,XL - 61 cm,Used
 Herenfiets 28inch 61cm - FREE DELIVERY!,€229,Rotterdam,XL - 61 cm,Used
 Popal Blue Sway,€1249,Drunen,XS - 47 cm,Brand new
 Batavus Blockbuster 7v 28inch 57cm - FREE DELIVERY!,€279,Rotterdam,L - 57 cm,Used
 Sparta Pick-Up 28inch 57cm - FREE DELIVERY!,€199,Rotterdam,L - 57 cm,Used
 Popal Black Daily Dutch,€379,Drunen,XS - 49 cm,Brand new
 Batavus Mambo,€299,Leiden,M - 54 cm,Used
 Popal Green Daily Dutch,€349,Drunen,"Kids - 22"" wheels",Brand new
 BSP Seventy4 28inch 65cm - FREE DELIVERY!,€229,Rotterdam,XXL - 65 cm,Used
 B’twin Riverside120 8v 28inch 45cm - FREE DELIVERY!,€229,Rotterdam,XXS - 45 cm,Used
 Vogue Legend 3v 28inch 53cm - FREE DELIVERY!,€249,Rotterdam,M - 53 cm,Used
 Eightshot Herenfiets 8v 26inch 37cm - FREE DELIVERY!,€199,Rotterdam,37 cm,Used
 Gazelle - Rhythm 26-inch,€99,Helmond,XXS - 46 cm,Used
 Popal Funjet 24 inch ,€259,Alphen aan den Rijn,"Kids - 20"" wheels",Brand new
 Gazelle Avignon 28inch 57cm - FREE DELIVERY!,€179,Rotterdam,L - 57 cm,Used
 Ostrichoo Nero,€1199,Ridderkerk,S - 51 cm,Brand new
 Popal Herenfiets 3v 28inch 57cm - FREE DELIVERY!,€229,Rotterdam,L - 57 cm,Used
 Herenfiets 58 cm with 2 locks and gears - FREE DELIVERY,€149,Leiden,L - 58 cm,Used
 Vogue Legend 28inch 53cm - FREE DELIVERY!,€199,Rotterdam,M - 53 cm,Used
 Giant Coupe Expert 7v 28inch 61cm - FREE DELIVERY!,€249,Rotterdam,XL - 61 cm,Used
 Altra - Prisma,€199,Helmond,M - 55 cm,Used
 Pointer Horizon 3v 28inch 61cm - FREE DELIVERY!,€249,Rotterdam,XL - 61 cm,Used
 BSP oma fiets,€229,Leiden,L - 58 cm,Used
 Batavus Old Dutch,€249,Leiden,L - 56 cm,Used
 Popal Black,€2499,Drunen,M - 53 cm,Brand new
 Supersuper Grey/metal Lola,€179,Drunen,"Kids - 14"" wheels",Brand new
 Cortina U4 Transport,€349,Leiden,L - 57 cm,Used
 Merida Freesport 7v 28inch 57cm - FREE DELIVERY!,€249,Rotterdam,L - 57 cm,Used
 Gazelle Flyer,€699,Leiden,L - 57 cm,Used
 Cortina Herenfiets 28inch 61cm - FREE DELIVERY!,€199,Rotterdam,XL - 61 cm,Used
 Gazelle - Geneve,€399,Helmond,M - 53 cm,Great shape
 Gazelle Davos 7v 28inch 57cm - FREE DELIVERY!,€229,Rotterdam,L - 57 cm,Used
 Cube Travel pro,€1399,Leiden,M - 54 cm,Used
 Kalkhoff Agattu Pedelec C 8g  8ah 2011,€799,Leiden,XS - 49 cm,Used
 Supersuper Blue Mountainbike,€379,Drunen,XS - 49 cm,Brand new
 Puch Storm 28inch 50cm - FREE DELIVERY!,€179,Rotterdam,S - 50 cm,Used
 Herenfiets 56 cm with 2 locks and gears - FREE DELIVERY,€149,Leiden,L - 56 cm,Used
 Batavus Fugato,€249,Leiden,M - 53 cm,Used
 Herenfiets 28inch 65cm - FREE DELIVERY!,€229,Rotterdam,XXL - 65 cm,Used
 Popal Blue,€399,Drunen,L - 57 cm,Brand new
 Elops 500 28inch 61cm - FREE DELIVERY!,€229,Rotterdam,61 cm,Used
 Popal Black Carrier,€349,Drunen,L - 57 cm,Brand new
 Popal Blue Daily Dutch,€379,Drunen,XS - 49 cm,Brand new
 Sparta MARATHON,€249,Leiden,XL - 60 cm,Used
 Supersuper Green Cooper,€209,Drunen,"Kids - 16"" wheels",Brand new
 Cortina U4 3v 28inch 50cm - FREE DELIVERY!,€329,Rotterdam,S - 50 cm,Used
 Batavus Holiday 28inch 57cm - FREE DELIVERY!,€179,Rotterdam,L - 57 cm,Used
 RIH Omega,€999,Leiden,XL - 62 cm,Used
 Cortina lief,€299,Leiden,S - 51 cm,Used
 Zwaluw Woudt1898 3v 28inch 65cm - FREE DELIVERY!,€249,Rotterdam,XXL - 65 cm,Used
 Herenfiets 54 cm with 2 locks and gears - FREE DELIVERY,€149,Leiden,M - 54 cm,Used
 Popal Green Daily Dutch,€469,Drunen,L - 57 cm,Brand new
 Batavus Monte Carlo 7v 28inch 57cm - FREE DELIVERY!,€249,Rotterdam,L - 57 cm,Used
 Batavus Diva,€329,Leiden,L - 57 cm,Used
 Gazelle Esprit 3v 28inch 57cm - FREE DELIVERY!,€229,Rotterdam,L - 57 cm,Used
 Batavus Mambo 7,€279,Leiden,M - 53 cm,Used
 Batavus CAYUCA,€329,Leiden,M - 53 cm,Used
 Gazelle Orange 7v 28inch 61cm - FREE DELIVERY!,€229,Rotterdam,XL - 61 cm,Used
 Batavus Old Dutch,€249,Leiden,S - 51 cm,Used
 Gazelle Impala 4v 28inch 61cm - FREE DELIVERY!,€249,Rotterdam,XL - 61 cm,Used
 Popal Black Daily Dutch,€469,Drunen,L - 57 cm,Brand new
 Redy City Free Living 28inch 57cm - FREE DELIVERY!,€179,Rotterdam,L - 57 cm,Used
 Damesfiets 60 cm with 2 locks and gears - FREE DELIVERY,€129,Leiden,XL - 60 cm,Used
 Arezzo Roco,€429,Leiden,M - 53 cm,Used
 Popal Black,€2499,Drunen,XS - 47 cm,Brand new
 Johnny Loco Coupé,€899,Leiden,S - 50 cm,Great shape
 Batavus Herenfiets,€499,Leiden,M - 55 cm,Used
 Supersuper Yellow Cooper,€199,Drunen,"Kids - 14"" wheels",Brand new
 Supersuper Blue Lola,€199,Drunen,"Kids - 18"" wheels",Brand new
 Qwic MN7,€1599,Leiden,S - 50 cm,Used
 Pointer Classica 28inch 57cm - FREE DELIVERY!,€179,Rotterdam,L - 57 cm,Used
 Popal Black Daily Dutch,€349,Drunen,"Kids - 20"" wheels",Brand new
 Sparta Maxima,€299,Leiden,XXS - 46 cm,Used
 Popal Blue Daily Dutch,€469,Drunen,L - 57 cm,Brand new
 Herenfiets 28inch 65cm - FREE DELIVERY!,€199,Rotterdam,XXL - 65 cm,Used
 Popal Grey/metal Daily Dutch,€439,Drunen,L - 57 cm,Brand new
 Kettler Delta,€279,Leiden,XL - 60 cm,Used
 Supersuper Green Cooper,€219,Drunen,"Kids - 18"" wheels",Brand new
 Merida Gustav 27v 28inch 57cm - FREE DELIVERY!,€199,Rotterdam,L - 57 cm,Used
 Popal Black,€2299,Drunen,L - 57 cm,Brand new
 Altec Roma 28inch 57cm - FREE DELIVERY!,€229,Rotterdam,L - 57 cm,Used
 Electra Vale Go! 9D EQ,€2699,Leiden,XS - 48 cm,Great shape
 Cortina U4 Transport,€399,Leiden,S - 51 cm,Used
 Limit Windsor 28inch 57cm - FREE DELIVERY!,€179,Rotterdam,L - 57 cm,Used
 Vogue Elite,€279,Leiden,L - 58 cm,Used
 Supersuper Yellow Cooper,€189,Drunen,"Kids - 12"" wheels",Brand new
 Popal Grey/metal,€2499,Drunen,L - 57 cm,Brand new
 Sparta X-pression 7v 28inch 61cm - FREE DELIVERY!,€229,Rotterdam,XL - 61 cm,Used
 Batavus Scoop 28inch 57cm - FREE DELIVERY!,€179,Rotterdam,L - 57 cm,Used
 Cumberland Herenfiets 3v 28inch 57cm - FREE DELIVERY!,€229,Rotterdam,L - 57 cm,Used
 Supersuper Blue Mountainbike,€379,Drunen,"Kids - 24"" wheels",Brand new
 Popal Green Daily Dutch,€469,Drunen,S - 50 cm,Brand new
 Batavus Basic,€249,Leiden,L - 57 cm,Used
 Herenfiets 3v 28inch 46cm - FREE DELIVERY!,€179,Rotterdam,XXS - 46 cm,Used
 Popal Black Daily Dutch,€439,Drunen,L - 57 cm,Brand new
 Union Luxor 28inch 57cm - FREE DELIVERY!,€179,Rotterdam,L - 57 cm,Used
 Sparta lo-la-jo,€299,Leiden,S - 50 cm,Used
 Batavus Allegro 7v 28inch 61cm - FREE DELIVERY!,€229,Rotterdam,XL - 61 cm,Used
 Popal Pink Daily Dutch,€379,Drunen,XS - 49 cm,Brand new
 Supersuper Red Cooper,€169,Drunen,"Kids - 12"" wheels",Brand new
 Popal Pink Daily Dutch,€379,Drunen,"Kids - 24"" wheels",Brand new
 Popal Black,€2499,Drunen,XS - 47 cm,Brand new
 Ranger Herenfiets 28inch 61cm - FREE DELIVERY!,€179,Rotterdam,XL - 61 cm,Used
 Moederfiets Mona Urbano,€169,Helmond,M - 53 cm,Great shape
 Locomotief Populair 28inch 57cm - FREE DELIVERY!,€179,Rotterdam,L - 57 cm,Used
 Popal Grey/metal,€2299,Drunen,L - 59 cm,Brand new
